paciente,volumen,mejoria
1,"277.357388","41.03%"
2,"202.53361","30.93%"
3,"226.304355","49.19%"
4,"282.624334","34.34%"
5,"254.160726","53.23%"
6,"280.784534","61.08%"
7,"267.569698","38.24%"
8,"225.894383","34.30%"
9,"248.296981","41.21%"